member,proposals,meetings,leave_slots,waiting,waiting_per_meeting,waiting_per_proposal,alpha,burden,burden_per_proposal
R01,17,6,49,32,5.333,1.882,2.0,44.0,2.588
R02,15,8,35,20,2.5,1.333,2.0,36.0,2.4
R03,17,5,55,38,7.6,2.235,2.0,48.0,2.824
R04,13,5,40,27,5.4,2.077,2.0,37.0,2.846
R05,16,6,44,28,4.667,1.75,2.0,40.0,2.5
R06,11,6,36,25,4.167,2.273,2.0,37.0,3.364
R07,11,5,38,27,5.4,2.455,2.0,37.0,3.364
R08,19,6,53,34,5.667,1.789,2.0,46.0,2.421
R09,19,8,51,32,4.0,1.684,2.0,48.0,2.526
R10,16,5,50,34,6.8,2.125,2.0,44.0,2.75
R11,23,9,59,36,4.0,1.565,2.0,54.0,2.348
R12,18,5,44,26,5.2,1.444,2.0,36.0,2.0
R13,14,6,47,33,5.5,2.357,2.0,45.0,3.214
R14,20,8,57,37,4.625,1.85,2.0,53.0,2.65
R15,22,8,62,40,5.0,1.818,2.0,56.0,2.545
R16,17,6,54,37,6.167,2.176,2.0,49.0,2.882
R17,18,5,46,28,5.6,1.556,2.0,38.0,2.111
R18,20,6,59,39,6.5,1.95,2.0,51.0,2.55
R19,10,6,31,21,3.5,2.1,2.0,33.0,3.3
R20,18,7,54,36,5.143,2.0,2.0,50.0,2.778
R21,14,5,46,32,6.4,2.286,2.0,42.0,3.0
