application,meeting,coi,editor,reader1,reader2,position,readers_alphabetical,readers_missing
A001,M7,,R16,R07,R18,,1,0
A002,M7,,R05,R11,R06,,1,0
A003,M7,,R11,R05,R10,,1,0
A004,M4,,R12,R20,R07,,1,0
A005,M6,R17,R05,R06,R18,,1,0
A006,,,R18,R06,R03,,1,0
A007,M8,,R17,R08,R18,,1,0
A008,M5,,R12,R02,R01,,1,0
A009,M7,,R03,R18,R10,,1,0
A010,M7,,R03,R17,R15,,1,0
A011,M8,,R03,R18,R10,,1,0
A012,M8,,R04,R16,R21,,1,0
A013,M2,,R04,R19,R21,3,1,0
A014,M5,,R04,R20,R21,,1,0
A015,M2,,R14,R06,R13,9,1,0
A016,M6,R17,R08,R14,R18,,1,0
A017,M5,,R15,R02,R19,,1,0
A018,M2,R01,R14,R15,R08,10,1,0
A019,M4,,R14,R20,R09,,1,0
A020,M7,,R20,R14,R12,,1,0
A021,M1,R06,R11,R05,R18,3,1,0
A022,M6,,R20,R17,R09,,1,0
A023,M3,,R02,R09,R12,,1,0
A024,,,R11,R13,R01,,1,0
A025,M2,,R20,R02,R21,1,1,0
A026,M7,,R10,R05,R08,,1,0
A027,M5,,R21,R19,R12,,1,0
A028,M9,,R15,R17,R10,,1,0
A029,M4,,R05,R11,R08,,1,0
A030,M6,R06,R05,R11,R03,,1,0
A031,M9,,R17,R16,R15,,1,0
A032,M7,,R16,R08,R21,,1,0
A033,M1,,R02,R20,R12,4,1,0
A034,M6,,R09,R20,R12,,1,0
A035,M6,,R03,R17,R14,,1,0
A036,M6,R01,R05,R08,R03,,1,0
A037,,,,,,,,0
A038,M4,,R20,R14,R09,,1,0
A039,M1,,R04,R09,R21,2,1,0
A040,M2,,R13,R11,R15,12,1,0
A041,M9,R06,R11,R05,R03,,1,0
A042,M8,,R13,R11,R08,,1,0
A043,,R17,R11,R06,R03,,1,0
A044,,,R11,R03,R18,,1,0
A045,M5,,R09,R08,R12,,1,0
A046,M3,,R01,R12,R18,,1,0
A047,M3,R17,R10,R06,R15,,1,0
A048,M8,R06,R03,R14,R08,,1,0
A049,M2,R19;R12,R04,R14,R09,5,1,0
A050,M6,,R20,R01,R12,,1,0
A051,M5,,R02,R11,R19,,1,0
A052,M5,R20,R16,R14,R21,,1,0
A053,M8,,R10,R13,R01,,1,0
A054,M2,R12,R04,R19,R09,7,1,0
A055,,,R04,R19,R21,,1,0
A056,M9,,R20,R14,R18,,1,0
A057,M3,,R10,R06,R18,,1,0
A058,M9,,R05,R14,R13,,0,0
A059,M4,R18,R02,R20,R07,,1,0
A060,M1,,R15,R16,R06,7,1,0
A061,M4,,R09,R13,R01,,1,0
A062,M3,,R02,R11,R20,,1,0
A063,M3,,R09,R14,R04,,1,0
A064,M9,,R01,R11,R13,,1,0
A065,M5,R19;R01;R12,R09,R20,R02,,1,0
A066,M4,,R03,R18,R10,,1,0
A067,M2,,R09,R20,R01,4,1,0
A068,M3,,R02,R20,R12,,1,0
A069,M5,,R09,R12,R04,,1,0
A070,M5,,R15,R17,R14,,1,0
A071,M4,R17,R05,R11,R15,,1,0
A072,M4,,R09,R15,R13,,1,0
A073,M7,,R16,R17,R15,,1,0
A074,M2,R12,R09,R04,R14,6,0,0
A075,M5,,R16,R08,R10,,1,0
A076,M7,,R17,R08,R18,,1,0
A077,M3,,R02,R11,R01,,1,0
A078,M8,R13;R18,R05,R14,R03,,1,0
A079,M6,,R06,R11,R05,,1,0
A080,M3,R13,R02,R18,R10,,1,0
A081,M4,R17,R18,R15,R05,,1,0
A082,M5,,R12,R14,R04,,1,0
A083,M5,,R17,R16,R15,,1,0
A084,M9,,R03,R06,R01,,1,0
A085,M2,,R02,R01,R21,2,1,0
A086,,,R15,R16,R17,,1,0
A087,M2,,R21,R19,R07,8,1,0
A088,M3,R07,R04,R09,R12,,1,0
A089,M6,,R15,R16,R08,,1,0
A090,M9,,R15,R17,R03,,1,0
A091,M4,,R10,R11,R08,,1,0
A092,M3,,R12,R20,R21,,1,0
A093,M1,,R07,R03,R10,6,1,0
A094,M8,,R16,R15,R07,,1,0
A095,M8,R17,R11,R13,R03,,1,0
A096,M4,R06,R05,R08,R18,,1,0
A097,M8,,R13,R17,R01,,1,0
A098,M3,,R15,R14,R08,,1,0
A099,M1,,R19,R14,R01,1,1,0
A100,M9,,R05,R06,R10,,1,0
A101,M6,,R11,R16,R08,,1,0
A102,M8,,R16,R11,R17,,1,0
A103,M7,R20,R19,R15,R08,,1,0
A104,M9,R14,R13,R17,R01,,1,0
A105,,R12,,,,,,0
A106,M6,,R18,R16,R17,,1,0
A107,M9,,R20,R18,R10,,1,0
A108,M7,,R07,R16,R15,,1,0
A109,M3,,R12,R19,R09,,1,0
A110,M4,R01,R02,R11,R07,,1,0
A111,M4,,R02,R01,R12,,1,0
A112,M1,,R13,R17,R08,5,1,0
A113,M7,,R04,R07,R21,,1,0
A114,M5,R20,R12,R14,R09,,1,0
A115,M2,,R11,R07,R01,11,1,0
A116,M5,,R17,R13,R10,,1,0
A117,M6,,R16,R07,R21,,1,0
A118,M8,,R01,R15,R18,,1,0
