meeting,position,application
M1,1,A099
M1,2,A039
M1,3,A021
M1,4,A033
M1,5,A112
M1,6,A093
M1,7,A060
M2,1,A025
M2,2,A085
M2,3,A013
M2,4,A067
M2,5,A049
M2,6,A074
M2,7,A054
M2,8,A087
M2,9,A015
M2,10,A018
M2,11,A115
M2,12,A040
M3,1,A098
M3,2,A047
M3,3,A057
M3,4,A080
M3,5,A046
M3,6,A077
M3,7,A062
M3,8,A109
M3,9,A063
M3,10,A088
M3,11,A023
M3,12,A068
M4,1,A004
M4,2,A007
M4,3,A034
M4,4,A022
M4,5,A097
M4,6,A026
M4,7,A003
M4,8,A114
M4,9,A045
M4,10,A061
M4,11,A058
M4,12,A064
M4,13,A042
M4,14,A029
M5,1,A017
M5,2,A110
M5,3,A002
M5,4,A014
M5,5,A056
M5,6,A001
M5,7,A117
M5,8,A076
M5,9,A032
M5,10,A052
M5,11,A048
M5,12,A070
M5,13,A035
M5,14,A010
M5,15,A090
M6,1,A084
M6,2,A072
M6,3,A024
M6,4,A044
M6,5,A053
M6,6,A104
M6,7,A116
M6,8,A009
M6,9,A118
M6,10,A011
M6,11,A066
M6,12,A086
M6,13,A073
M6,14,A031
M7,1,A016
M7,2,A081
M7,3,A059
M7,4,A113
M7,5,A071
M7,6,A012
M7,7,A108
M7,8,A094
M7,9,A101
M7,10,A041
M7,11,A030
M7,12,A095
M7,13,A036
M8,1,A069
M8,2,A100
M8,3,A043
M8,4,A008
M8,5,A006
M8,6,A079
M8,7,A050
M8,8,A005
M8,9,A111
M8,10,A078
M8,11,A020
M8,12,A038
M8,13,A065
M8,14,A019
M9,1,A051
M9,2,A082
M9,3,A055
M9,4,A092
M9,5,A027
M9,6,A107
M9,7,A096
M9,8,A106
M9,9,A103
M9,10,A102
M9,11,A091
M9,12,A089
M9,13,A075
M9,14,A028
M9,15,A083
