scenario,step,level,seconds,incumbent,bound,gap
free_noworse,1,rules,4.0,0.50000,0.50000,0.00
free_noworse,1,rules,4.5,5.000000000000e-01,5.000000000000e-01,0.0000
free_noworse,2,reference,4.6,0.000000000000e+00,0.000000000000e+00,0.0000
free_noworse,3,meetings,21.6,202.50000,139.18571,31.3
free_noworse,3,meetings,41.6,202.50000,143.12946,29.3
free_noworse,3,meetings,44.6,202.50000,143.16071,29.3
free_noworse,3,meetings,44.6,202.50000,143.16071,29.3
free_noworse,3,meetings,55.6,202.50000,144.95536,28.4
free_noworse,3,meetings,61.6,202.50000,144.98363,28.4
free_noworse,3,meetings,64.6,202.50000,145.30208,28.2
free_noworse,3,meetings,65.6,202.50000,145.30208,28.2
free_noworse,3,meetings,74.6,202.50000,145.52083,28.1
free_noworse,3,meetings,75.6,202.50000,145.52083,28.1
free_noworse,3,meetings,78.6,202.50000,145.52083,28.1
free_noworse,3,meetings,79.6,202.50000,145.52083,28.1
free_noworse,3,meetings,82.6,202.50000,145.54464,28.1
free_noworse,3,meetings,107.6,202.50000,145.54464,28.1
free_noworse,3,meetings,128.6,202.50000,145.54464,28.1
free_noworse,3,meetings,130.6,202.50000,145.54464,28.1
free_noworse,3,meetings,177.6,202.50000,145.54464,28.1
free_noworse,3,meetings,179.6,202.50000,145.54464,28.1
free_noworse,3,meetings,197.6,202.50000,145.54464,28.1
free_noworse,3,meetings,199.6,202.50000,145.54464,28.1
free_noworse,3,meetings,201.6,202.50000,145.54464,28.1
free_noworse,3,meetings,218.6,202.50000,145.54464,28.1
free_noworse,3,meetings,222.6,202.50000,145.54464,28.1
free_noworse,3,meetings,225.6,202.50000,145.54464,28.1
free_noworse,3,meetings,240.6,202.50000,145.54464,28.1
free_noworse,3,meetings,243.6,202.50000,145.54464,28.1
free_noworse,3,meetings,248.6,202.50000,145.54464,28.1
free_noworse,3,meetings,266.6,202.50000,145.54464,28.1
free_noworse,3,meetings,271.6,202.50000,145.54464,28.1
free_noworse,3,meetings,276.6,202.50000,145.54464,28.1
free_noworse,3,meetings,284.6,202.50000,146.18750,27.8
free_noworse,3,meetings,292.6,202.50000,146.18750,27.8
free_noworse,3,meetings,305.6,202.50000,146.18750,27.8
free_noworse,3,meetings,326.6,202.50000,146.18750,27.8
free_noworse,3,meetings,359.6,202.50000,146.18750,27.8
free_noworse,3,meetings,442.6,202.50000,146.18750,27.8
free_noworse,3,meetings,575.6,202.50000,146.18750,27.8
free_noworse,3,meetings,760.6,202.50000,146.18750,27.8
free_noworse,3,meetings,951.6,202.50000,146.18750,27.8
free_noworse,3,meetings,1105.6,202.50000,146.18750,27.8
free_noworse,3,meetings,1238.6,202.50000,146.18750,27.8
free_noworse,3,meetings,1344.6,202.50000,146.18750,27.8
free_noworse,3,meetings,1433.6,202.50000,146.18750,27.8
free_noworse,3,meetings,1454.6,202.50000,146.18750,27.8
free_noworse,3,meetings,1483.6,202.50000,146.18750,27.8
free_noworse,3,meetings,1489.6,202.50000,146.18750,27.8
free_noworse,3,meetings,1515.6,202.50000,146.18750,27.8
free_noworse,3,meetings,1519.6,202.50000,146.18750,27.8
free_noworse,3,meetings,1541.6,202.50000,146.26365,27.8
free_noworse,3,meetings,1544.6,202.50000,146.42155,27.7
free_noworse,3,meetings,1571.6,202.50000,146.53454,27.6
free_noworse,3,meetings,1575.6,202.50000,146.54111,27.6
free_noworse,3,meetings,1592.6,202.50000,146.58563,27.6
free_noworse,3,meetings,1594.6,202.50000,146.62216,27.6
free_noworse,3,meetings,1663.6,202.50000,146.73434,27.5
free_noworse,3,meetings,1672.6,202.50000,146.77601,27.5
free_noworse,3,meetings,1675.6,202.50000,146.77601,27.5
free_noworse,3,meetings,1818.6,202.50000,146.92195,27.4
free_noworse,3,meetings,1862.6,202.50000,146.92212,27.4
free_noworse,3,meetings,1900.6,202.50000,146.94102,27.4
free_noworse,3,meetings,1912.6,202.50000,147.02033,27.4
free_noworse,3,meetings,1916.6,202.50000,147.03480,27.4
free_noworse,3,meetings,1920.6,202.50000,147.03505,27.4
free_noworse,3,meetings,1943.6,202.50000,147.05369,27.4
free_noworse,3,meetings,1948.6,202.50000,147.06056,27.4
free_noworse,3,meetings,1951.6,202.50000,147.09100,27.4
free_noworse,3,meetings,1955.6,202.50000,147.09885,27.4
free_noworse,3,meetings,1978.6,202.50000,147.26352,27.3
free_noworse,3,meetings,1981.6,202.50000,147.26352,27.3
free_noworse,3,meetings,2006.6,202.50000,147.38852,27.2
free_noworse,3,meetings,2012.6,202.50000,147.38852,27.2
free_noworse,3,meetings,2031.6,202.50000,147.38852,27.2
free_noworse,3,meetings,2040.6,202.50000,147.38852,27.2
free_noworse,3,meetings,2065.6,202.50000,147.38852,27.2
free_noworse,3,meetings,2073.6,202.50000,147.38852,27.2
free_noworse,3,meetings,2095.6,202.50000,147.38852,27.2
free_noworse,3,meetings,2111.6,202.50000,147.38852,27.2
free_noworse,3,meetings,2138.6,202.50000,147.38852,27.2
free_noworse,3,meetings,2154.6,202.50000,147.38852,27.2
free_noworse,3,meetings,2162.6,202.50000,147.38852,27.2
free_noworse,3,meetings,2176.6,202.50000,147.38852,27.2
free_noworse,3,meetings,2206.6,202.50000,147.38852,27.2
free_noworse,3,meetings,2274.6,202.50000,147.39112,27.2
free_noworse,3,meetings,2313.6,202.50000,147.39112,27.2
free_noworse,3,meetings,2344.6,202.50000,147.39112,27.2
free_noworse,3,meetings,2406.6,202.50000,147.39112,27.2
free_noworse,3,meetings,2450.6,202.50000,147.39112,27.2
free_noworse,3,meetings,2528.6,202.50000,147.39112,27.2
free_noworse,3,meetings,2618.6,202.50000,147.39112,27.2
free_noworse,3,meetings,2695.6,202.50000,147.39112,27.2
free_noworse,3,meetings,2827.6,202.50000,147.39112,27.2
free_noworse,3,meetings,2965.6,202.50000,147.39112,27.2
free_noworse,3,meetings,3072.6,202.50000,147.39112,27.2
free_noworse,3,meetings,3137.6,202.50000,147.39112,27.2
free_noworse,3,meetings,3279.6,202.50000,147.39112,27.2
free_noworse,3,meetings,3525.6,202.50000,147.39112,27.2
free_noworse,3,meetings,3733.6,202.50000,147.39112,27.2
free_noworse,3,meetings,4117.6,202.50000,147.39112,27.2
free_noworse,3,meetings,4324.6,202.50000,147.39112,27.2
free_noworse,3,meetings,4325.4,2.025000000000e+02,1.475000000000e+02,27.1605
free_noworse,4,top1,4532.4,53.00000,24.26667,54.2
free_noworse,4,top1,4593.4,53.00000,24.27119,54.2
free_noworse,4,top1,4622.4,53.00000,28.80000,45.7
free_noworse,4,top1,4720.4,53.00000,28.80000,45.7
free_noworse,4,top1,4743.4,53.00000,28.80000,45.7
free_noworse,4,top1,4758.4,53.00000,28.80000,45.7
free_noworse,4,top1,4789.4,52.0000000,28.80000,44.6
free_noworse,4,top1,4789.4,51.0000000,28.80000,43.5
free_noworse,4,top1,4797.4,51.00000,28.80000,43.5
free_noworse,4,top1,4809.4,51.00000,28.80000,43.5
free_noworse,4,top1,5135.4,51.00000,28.80000,43.5
free_noworse,4,top1,5135.9,5.100000000000e+01,2.880000000003e+01,43.5294
free_noworse,5,top2,5331.9,102.00000,46.86667,54.1
free_noworse,5,top2,5468.9,102.00000,47.12190,53.8
free_noworse,5,top2,5541.9,102.00000,54.22121,46.8
free_noworse,5,top2,5596.9,102.00000,55.27059,45.8
free_noworse,5,top2,5676.9,102.00000,55.38750,45.7
free_noworse,5,top2,5735.9,102.00000,55.38750,45.7
free_noworse,5,top2,5840.9,102.00000,55.62022,45.5
free_noworse,5,top2,5945.9,102.00000,55.62022,45.5
free_noworse,5,top2,5946.2,1.020000000000e+02,5.562022471908e+01,45.4704
free_noworse,6,top3,6165.2,153.00000,69.23333,54.7
free_noworse,6,top3,6194.2,153.00000,69.50476,54.6
free_noworse,6,top3,6252.2,153.00000,79.56667,48.0
free_noworse,6,top3,6296.2,152.0000000,81.40000,46.4
free_noworse,6,top3,6298.2,152.00000,81.40000,46.4
free_noworse,6,top3,6308.2,152.00000,81.40000,46.4
free_noworse,6,top3,6326.2,152.00000,81.40000,46.4
free_noworse,6,top3,6424.2,152.00000,81.48948,46.4
free_noworse,6,top3,6524.2,152.00000,82.30570,45.9
free_noworse,6,top3,6544.2,152.00000,82.41589,45.8
free_noworse,6,top3,6554.2,152.00000,82.45498,45.8
free_noworse,6,top3,6559.2,152.00000,82.46204,45.7
free_noworse,6,top3,6562.2,152.00000,82.46355,45.7
free_noworse,6,top3,7953.7,1.520000000000e+02,8.246354666817e+01,45.7477
free_noworse,7,waiting,7993.7,670.95400,203.97550,69.6
free_noworse,7,waiting,7994.7,669.9530000,203.97550,69.6
free_noworse,7,waiting,7994.7,668.9530000,203.97550,69.5
free_noworse,7,waiting,7994.7,667.9530000,203.97550,69.5
free_noworse,7,waiting,7996.7,666.9540000,203.97550,69.4
free_noworse,7,waiting,8022.7,666.95400,203.97685,69.4
free_noworse,7,waiting,8040.7,666.95400,204.42422,69.3
free_noworse,7,waiting,8095.7,666.95400,204.63353,69.3
free_noworse,7,waiting,8410.7,666.95400,219.32238,67.1
free_noworse,7,waiting,8597.7,666.95400,238.21045,64.3
free_noworse,7,waiting,8763.7,666.95400,238.21045,64.3
free_noworse,7,waiting,8764.0,6.669540000000e+02,2.382110000000e+02,64.2837
