application,editor,reader1,reader2
A001,R16,R07,R18
A002,R11,R06,R05
A003,R05,R10,R11
A004,R12,R20,R07
A005,R18,R06,R05
A007,R17,R18,R08
A008,R12,R01,R02
A009,R18,R10,R03
A010,R03,R17,R15
A011,R10,R18,R03
A012,R21,R04,R16
A013,R04,R19,R21
A014,R20,R21,R04
A015,R14,R06,R13
A016,R18,R08,R14
A017,R15,R19,R02
A018,R14,R15,R08
A019,R14,R20,R09
A020,R14,R12,R20
A021,R11,R05,R18
A022,R17,R09,R20
A023,R02,R09,R12
A025,R20,R02,R21
A026,R08,R10,R05
A027,R12,R21,R19
A028,R15,R17,R10
A029,R05,R11,R08
A030,R11,R05,R03
A031,R16,R17,R15
A032,R08,R21,R16
A033,R02,R20,R12
A034,R20,R12,R09
A035,R17,R03,R14
A036,R03,R08,R05
A038,R20,R14,R09
A039,R04,R09,R21
A040,R13,R11,R15
A041,R05,R03,R11
A042,R08,R11,R13
A045,R08,R09,R12
A046,R01,R12,R18
A047,R10,R06,R15
A048,R08,R14,R03
A049,R04,R14,R09
A050,R01,R12,R20
A051,R11,R19,R02
A052,R16,R21,R14
A053,R13,R10,R01
A054,R04,R19,R09
A056,R20,R14,R18
A057,R10,R06,R18
A058,R14,R13,R05
A059,R02,R20,R07
A060,R15,R16,R06
A061,R09,R13,R01
A062,R02,R11,R20
A063,R09,R14,R04
A064,R01,R13,R11
A065,R09,R20,R02
A066,R03,R18,R10
A067,R09,R20,R01
A068,R02,R20,R12
A069,R12,R09,R04
A070,R15,R14,R17
A071,R05,R11,R15
A072,R09,R15,R13
A073,R15,R16,R17
A074,R09,R04,R14
A075,R08,R10,R16
A076,R18,R17,R08
A077,R02,R11,R01
A078,R14,R05,R03
A079,R06,R05,R11
A080,R02,R18,R10
A081,R18,R15,R05
A082,R14,R04,R12
A083,R17,R16,R15
A084,R01,R06,R03
A085,R02,R01,R21
A087,R21,R19,R07
A088,R04,R09,R12
A089,R15,R08,R16
A090,R15,R03,R17
A091,R10,R11,R08
A092,R12,R20,R21
A093,R07,R03,R10
A094,R16,R07,R15
A095,R03,R13,R11
A096,R05,R08,R18
A097,R01,R17,R15
A098,R15,R14,R08
A099,R19,R14,R01
A100,R10,R06,R05
A101,R11,R16,R08
A102,R11,R17,R16
A103,R08,R19,R15
A104,R17,R13,R01
A106,R16,R17,R18
A107,R20,R18,R10
A108,R15,R07,R16
A109,R12,R19,R09
A110,R02,R11,R07
A111,R02,R01,R12
A112,R13,R17,R08
A113,R07,R21,R04
A114,R09,R12,R14
A115,R11,R07,R01
A116,R17,R10,R13
A117,R21,R07,R16
A118,R18,R01,R15
